--------------------------------------------------------
-- Archivo creado  - domingo-marzo-06-2022   
--------------------------------------------------------
--------------------------------------------------------
--  DDL for Table CANCIONES
--------------------------------------------------------

  CREATE TABLE "LISTAREPRO"."CANCIONES" 
   (	"CODIGO_GRUPO" NUMBER(*,0), 
	"DISCO" VARCHAR2(255 BYTE), 
	"TITULO" VARCHAR2(255 BYTE), 
	"MINUTOS" NUMBER(*,0), 
	"SEGUNDOS" NUMBER(*,0)
   ) SEGMENT CREATION IMMEDIATE 
  PCTFREE 10 PCTUSED 40 INITRANS 1 MAXTRANS 255 NOCOMPRESS LOGGING
  STORAGE(INITIAL 65536 NEXT 1048576 MINEXTENTS 1 MAXEXTENTS 2147483645
  PCTINCREASE 0 FREELISTS 1 FREELIST GROUPS 1 BUFFER_POOL DEFAULT FLASH_CACHE DEFAULT CELL_FLASH_CACHE DEFAULT)
  TABLESPACE "SYSTEM" ;
--------------------------------------------------------
--  DDL for Table GRUPOS
--------------------------------------------------------

  CREATE TABLE "LISTAREPRO"."GRUPOS" 
   (	"CODIGO" NUMBER(*,0), 
	"NOMBRE" VARCHAR2(255 BYTE), 
	"AÑO" NUMBER(*,0), 
	"TIPO_MUSICA" VARCHAR2(255 BYTE)
   ) SEGMENT CREATION IMMEDIATE 
  PCTFREE 10 PCTUSED 40 INITRANS 1 MAXTRANS 255 NOCOMPRESS LOGGING
  STORAGE(INITIAL 65536 NEXT 1048576 MINEXTENTS 1 MAXEXTENTS 2147483645
  PCTINCREASE 0 FREELISTS 1 FREELIST GROUPS 1 BUFFER_POOL DEFAULT FLASH_CACHE DEFAULT CELL_FLASH_CACHE DEFAULT)
  TABLESPACE "SYSTEM" ;
--------------------------------------------------------
--  DDL for Table USUARIOS
--------------------------------------------------------

  CREATE TABLE "LISTAREPRO"."USUARIOS" 
   (	"LOGIN" VARCHAR2(255 BYTE), 
	"PASSWORD" VARCHAR2(255 BYTE), 
	"TIPO_USUARIO" VARCHAR2(1 BYTE), 
	"DNI" VARCHAR2(9 BYTE), 
	"NOMBRE" VARCHAR2(255 BYTE), 
	"APELLIDOS" VARCHAR2(255 BYTE), 
	"TIPO_MUSICA" VARCHAR2(255 BYTE), 
	"TURNO" NUMBER(*,0)
   ) SEGMENT CREATION IMMEDIATE 
  PCTFREE 10 PCTUSED 40 INITRANS 1 MAXTRANS 255 NOCOMPRESS LOGGING
  STORAGE(INITIAL 65536 NEXT 1048576 MINEXTENTS 1 MAXEXTENTS 2147483645
  PCTINCREASE 0 FREELISTS 1 FREELIST GROUPS 1 BUFFER_POOL DEFAULT FLASH_CACHE DEFAULT CELL_FLASH_CACHE DEFAULT)
  TABLESPACE "SYSTEM" ;
REM INSERTING into LISTAREPRO.CANCIONES
SET DEFINE OFF;
Insert into LISTAREPRO.CANCIONES (CODIGO_GRUPO,DISCO,TITULO,MINUTOS,SEGUNDOS) values ('1','Angel Witch','Angel Witch','3','25');
Insert into LISTAREPRO.CANCIONES (CODIGO_GRUPO,DISCO,TITULO,MINUTOS,SEGUNDOS) values ('1','Angel Witch','Atlantis','3','42');
Insert into LISTAREPRO.CANCIONES (CODIGO_GRUPO,DISCO,TITULO,MINUTOS,SEGUNDOS) values ('2','Fatal Portrait','The Candle','6','38');
Insert into LISTAREPRO.CANCIONES (CODIGO_GRUPO,DISCO,TITULO,MINUTOS,SEGUNDOS) values ('2','Fatal Portrait','The Jonah','5','15');
Insert into LISTAREPRO.CANCIONES (CODIGO_GRUPO,DISCO,TITULO,MINUTOS,SEGUNDOS) values ('3','Motörhead','Vibrator','3','39');
Insert into LISTAREPRO.CANCIONES (CODIGO_GRUPO,DISCO,TITULO,MINUTOS,SEGUNDOS) values ('4','Black Sabbath','Black Sabbath','6','22');
Insert into LISTAREPRO.CANCIONES (CODIGO_GRUPO,DISCO,TITULO,MINUTOS,SEGUNDOS) values ('4','Black Sabbath','The Wizard','4','25');
Insert into LISTAREPRO.CANCIONES (CODIGO_GRUPO,DISCO,TITULO,MINUTOS,SEGUNDOS) values ('5','Rocka Rolla','One for the Road','4','34');
Insert into LISTAREPRO.CANCIONES (CODIGO_GRUPO,DISCO,TITULO,MINUTOS,SEGUNDOS) values ('3','Motörhead','Motörhead','3','13');
Insert into LISTAREPRO.CANCIONES (CODIGO_GRUPO,DISCO,TITULO,MINUTOS,SEGUNDOS) values ('5','Rocka Rolla','Rocka Rolla','3','5');
Insert into LISTAREPRO.CANCIONES (CODIGO_GRUPO,DISCO,TITULO,MINUTOS,SEGUNDOS) values ('6','Melissa','Evil','4','36');
Insert into LISTAREPRO.CANCIONES (CODIGO_GRUPO,DISCO,TITULO,MINUTOS,SEGUNDOS) values ('6','Melissa','Curse Of The Pharaohs','3','56');
Insert into LISTAREPRO.CANCIONES (CODIGO_GRUPO,DISCO,TITULO,MINUTOS,SEGUNDOS) values ('7','Holy Diver','Stand Up and Shout','3','6');
Insert into LISTAREPRO.CANCIONES (CODIGO_GRUPO,DISCO,TITULO,MINUTOS,SEGUNDOS) values ('7','Holy Diver','Holy Diver','5','51');
Insert into LISTAREPRO.CANCIONES (CODIGO_GRUPO,DISCO,TITULO,MINUTOS,SEGUNDOS) values ('8','Battle Cry','Death Rider','3','28');
Insert into LISTAREPRO.CANCIONES (CODIGO_GRUPO,DISCO,TITULO,MINUTOS,SEGUNDOS) values ('8','Battle Cry','The Axeman','4','26');
Insert into LISTAREPRO.CANCIONES (CODIGO_GRUPO,DISCO,TITULO,MINUTOS,SEGUNDOS) values ('9','Rock City','Desperation','2','43');
Insert into LISTAREPRO.CANCIONES (CODIGO_GRUPO,DISCO,TITULO,MINUTOS,SEGUNDOS) values ('9','Rock City','Warrior','3','50');
Insert into LISTAREPRO.CANCIONES (CODIGO_GRUPO,DISCO,TITULO,MINUTOS,SEGUNDOS) values ('10','Accept','Lady Lou','3','3');
Insert into LISTAREPRO.CANCIONES (CODIGO_GRUPO,DISCO,TITULO,MINUTOS,SEGUNDOS) values ('10','Accept','Tired of me','3','14');
Insert into LISTAREPRO.CANCIONES (CODIGO_GRUPO,DISCO,TITULO,MINUTOS,SEGUNDOS) values ('11','Crimson Glory','Valhalla','3','46');
Insert into LISTAREPRO.CANCIONES (CODIGO_GRUPO,DISCO,TITULO,MINUTOS,SEGUNDOS) values ('11','Crimson Glory','Dragon Lady','4','21');
Insert into LISTAREPRO.CANCIONES (CODIGO_GRUPO,DISCO,TITULO,MINUTOS,SEGUNDOS) values ('12','Saxon','Rainbow Theme','3','7');
Insert into LISTAREPRO.CANCIONES (CODIGO_GRUPO,DISCO,TITULO,MINUTOS,SEGUNDOS) values ('12','Saxon','Frozen Rainbow','2','29');
Insert into LISTAREPRO.CANCIONES (CODIGO_GRUPO,DISCO,TITULO,MINUTOS,SEGUNDOS) values ('13','Lightning to the Nations','Lightning to the Nations','4','15');
Insert into LISTAREPRO.CANCIONES (CODIGO_GRUPO,DISCO,TITULO,MINUTOS,SEGUNDOS) values ('13','Lightning to the Nations','The Prince','6','27');
Insert into LISTAREPRO.CANCIONES (CODIGO_GRUPO,DISCO,TITULO,MINUTOS,SEGUNDOS) values ('14','Iron Maiden','Prowler','3','55');
Insert into LISTAREPRO.CANCIONES (CODIGO_GRUPO,DISCO,TITULO,MINUTOS,SEGUNDOS) values ('14','Iron Maiden','Remember Tomorrow','5','27');
Insert into LISTAREPRO.CANCIONES (CODIGO_GRUPO,DISCO,TITULO,MINUTOS,SEGUNDOS) values ('15','W.A.S.P.','I Wanna Be Somebody','3','43');
Insert into LISTAREPRO.CANCIONES (CODIGO_GRUPO,DISCO,TITULO,MINUTOS,SEGUNDOS) values ('15','W.A.S.P.','L.O.V.E. Machine','3','51');
Insert into LISTAREPRO.CANCIONES (CODIGO_GRUPO,DISCO,TITULO,MINUTOS,SEGUNDOS) values ('16','Blizzard of Ozz','I Don''t Know','5','16');
Insert into LISTAREPRO.CANCIONES (CODIGO_GRUPO,DISCO,TITULO,MINUTOS,SEGUNDOS) values ('16','Blizzard of Ozz','Crazy Train','4','57');
Insert into LISTAREPRO.CANCIONES (CODIGO_GRUPO,DISCO,TITULO,MINUTOS,SEGUNDOS) values ('17','Red Hot and Heavy','Back to Back','3','34');
Insert into LISTAREPRO.CANCIONES (CODIGO_GRUPO,DISCO,TITULO,MINUTOS,SEGUNDOS) values ('17','Red Hot and Heavy','Red, Hot and Heavy','3','58');
Insert into LISTAREPRO.CANCIONES (CODIGO_GRUPO,DISCO,TITULO,MINUTOS,SEGUNDOS) values ('18','Sirens','Sirens','3','43');
Insert into LISTAREPRO.CANCIONES (CODIGO_GRUPO,DISCO,TITULO,MINUTOS,SEGUNDOS) values ('18','Sirens','Holocaust','4','34');
Insert into LISTAREPRO.CANCIONES (CODIGO_GRUPO,DISCO,TITULO,MINUTOS,SEGUNDOS) values ('19','Lonesome Crow','I''m Going Mad','4','56');
Insert into LISTAREPRO.CANCIONES (CODIGO_GRUPO,DISCO,TITULO,MINUTOS,SEGUNDOS) values ('19','Lonesome Crow','It All Depends','3','30');
Insert into LISTAREPRO.CANCIONES (CODIGO_GRUPO,DISCO,TITULO,MINUTOS,SEGUNDOS) values ('20','Steel the Light','Missing in Action','3','2');
Insert into LISTAREPRO.CANCIONES (CODIGO_GRUPO,DISCO,TITULO,MINUTOS,SEGUNDOS) values ('20','Steel the Light','Lonely Lady','4','1');
REM INSERTING into LISTAREPRO.GRUPOS
SET DEFINE OFF;
Insert into LISTAREPRO.GRUPOS (CODIGO,NOMBRE,"AÑO",TIPO_MUSICA) values ('1','Angel Witch','1977','Heavy Metal');
Insert into LISTAREPRO.GRUPOS (CODIGO,NOMBRE,"AÑO",TIPO_MUSICA) values ('2','King Diamond','1985','Heavy Metal');
Insert into LISTAREPRO.GRUPOS (CODIGO,NOMBRE,"AÑO",TIPO_MUSICA) values ('3','Motörhead','1975','Heavy Metal');
Insert into LISTAREPRO.GRUPOS (CODIGO,NOMBRE,"AÑO",TIPO_MUSICA) values ('4','Black Sabbath','1968','Heavy Metal');
Insert into LISTAREPRO.GRUPOS (CODIGO,NOMBRE,"AÑO",TIPO_MUSICA) values ('5','Judas Priest ','1969','Heavy Metal');
Insert into LISTAREPRO.GRUPOS (CODIGO,NOMBRE,"AÑO",TIPO_MUSICA) values ('6','Mercyful Fate','1981','Heavy Metal');
Insert into LISTAREPRO.GRUPOS (CODIGO,NOMBRE,"AÑO",TIPO_MUSICA) values ('7','Dio','1982','Heavy Metal');
Insert into LISTAREPRO.GRUPOS (CODIGO,NOMBRE,"AÑO",TIPO_MUSICA) values ('8','Omen','1983','Heavy Metal');
Insert into LISTAREPRO.GRUPOS (CODIGO,NOMBRE,"AÑO",TIPO_MUSICA) values ('9','Riot','1975','Heavy Metal');
Insert into LISTAREPRO.GRUPOS (CODIGO,NOMBRE,"AÑO",TIPO_MUSICA) values ('10','Accept','1976','Heavy Metal');
Insert into LISTAREPRO.GRUPOS (CODIGO,NOMBRE,"AÑO",TIPO_MUSICA) values ('11','Crimson Glory','1982','Heavy Metal');
Insert into LISTAREPRO.GRUPOS (CODIGO,NOMBRE,"AÑO",TIPO_MUSICA) values ('12','Saxon','1976','Heavy Metal');
Insert into LISTAREPRO.GRUPOS (CODIGO,NOMBRE,"AÑO",TIPO_MUSICA) values ('13','Diamond Head','1976','Heavy Metal');
Insert into LISTAREPRO.GRUPOS (CODIGO,NOMBRE,"AÑO",TIPO_MUSICA) values ('14','Iron Maiden','1975','Heavy Metal');
Insert into LISTAREPRO.GRUPOS (CODIGO,NOMBRE,"AÑO",TIPO_MUSICA) values ('15','W.A.S.P.','1982','Heavy Metal');
Insert into LISTAREPRO.GRUPOS (CODIGO,NOMBRE,"AÑO",TIPO_MUSICA) values ('16','Ozzy Osbourne','1967','Heavy Metal');
Insert into LISTAREPRO.GRUPOS (CODIGO,NOMBRE,"AÑO",TIPO_MUSICA) values ('17','Pretty Maids','1981','Heavy Metal');
Insert into LISTAREPRO.GRUPOS (CODIGO,NOMBRE,"AÑO",TIPO_MUSICA) values ('18','Savatage ','1979','Heavy Metal');
Insert into LISTAREPRO.GRUPOS (CODIGO,NOMBRE,"AÑO",TIPO_MUSICA) values ('19','Scorpions ','1965','Heavy Metal');
Insert into LISTAREPRO.GRUPOS (CODIGO,NOMBRE,"AÑO",TIPO_MUSICA) values ('20','Q5','1983','Heavy Metal');
REM INSERTING into LISTAREPRO.USUARIOS
SET DEFINE OFF;
Insert into LISTAREPRO.USUARIOS (LOGIN,PASSWORD,TIPO_USUARIO,DNI,NOMBRE,APELLIDOS,TIPO_MUSICA,TURNO) values ('admin','admin','A','11111111H','José','Jiménez',null,'1');
Insert into LISTAREPRO.USUARIOS (LOGIN,PASSWORD,TIPO_USUARIO,DNI,NOMBRE,APELLIDOS,TIPO_MUSICA,TURNO) values ('robert','robert','U','22222222K','Robert','Gutiérrez','Heavy metal',null);
--------------------------------------------------------
--  Constraints for Table GRUPOS
--------------------------------------------------------

  ALTER TABLE "LISTAREPRO"."GRUPOS" ADD PRIMARY KEY ("CODIGO")
  USING INDEX PCTFREE 10 INITRANS 2 MAXTRANS 255 COMPUTE STATISTICS 
  STORAGE(INITIAL 65536 NEXT 1048576 MINEXTENTS 1 MAXEXTENTS 2147483645
  PCTINCREASE 0 FREELISTS 1 FREELIST GROUPS 1 BUFFER_POOL DEFAULT FLASH_CACHE DEFAULT CELL_FLASH_CACHE DEFAULT)
  TABLESPACE "SYSTEM"  ENABLE;
--------------------------------------------------------
--  Constraints for Table USUARIOS
--------------------------------------------------------

  ALTER TABLE "LISTAREPRO"."USUARIOS" ADD CHECK (TIPO_USUARIO IN ('A','U')) ENABLE;
  ALTER TABLE "LISTAREPRO"."USUARIOS" MODIFY ("APELLIDOS" NOT NULL ENABLE);
  ALTER TABLE "LISTAREPRO"."USUARIOS" MODIFY ("NOMBRE" NOT NULL ENABLE);
  ALTER TABLE "LISTAREPRO"."USUARIOS" MODIFY ("DNI" NOT NULL ENABLE);
  ALTER TABLE "LISTAREPRO"."USUARIOS" MODIFY ("TIPO_USUARIO" NOT NULL ENABLE);
  ALTER TABLE "LISTAREPRO"."USUARIOS" MODIFY ("PASSWORD" NOT NULL ENABLE);
  ALTER TABLE "LISTAREPRO"."USUARIOS" MODIFY ("LOGIN" NOT NULL ENABLE);
--------------------------------------------------------
--  Ref Constraints for Table CANCIONES
--------------------------------------------------------

  ALTER TABLE "LISTAREPRO"."CANCIONES" ADD FOREIGN KEY ("CODIGO_GRUPO")
	  REFERENCES "LISTAREPRO"."GRUPOS" ("CODIGO") ENABLE;
